"Afghanistan","Afghan Wireless Communication Company (AWCC)","0.06200"
"Afghanistan","Etisalat Afghanistan (Etisalat)","0.03500"
"Afghanistan","MTN Afghanistan (MTN)","0.07700"
"Afghanistan","Telecom Development Company Afghanistan Ltd. (ROSHAN)","0.06400"
"Albania","Albanian Mobile Communications (A M C  MOBIL)","0.07200"
"Albania","Eagle Mobile sh.a. (Eagle Mobile)","0.05500"
"Albania","PLUS COMMUNICATION (PLUS)","0.06000"
"Albania","Vodafone Albania (Vodafone)","0.07200"
"Algeria","ATM MOBILIS (Mobilis)","0.08000"
"Algeria","Orascom Telecom Algerie Spa (Djezzy)","0.05900"
"Algeria","Wataniya Telecom Algerie (Nedjma)","0.07400"
"American Samoa","America Samoa Telecom (ASTCA)","0.05300"
"American Samoa","American Samoa Licence (BLUESKY)","0.06900"
"Andorra","Servei De Tele. DAndorra (MOBILAND)","0.01500"
"Angola","Movicel Telecomunicacoes, S.A. (Movicel)","0.02700"
"Angola","UNITEL SA (UNITEL)","0.03200"
"Anguilla","Cable & Wireless (Anguilla) Ltd. (LIME)","0.02400"
"Anguilla","Weblinks (Weblinks)","0.03200"
"Anguilla","Wireless Ventures (Anguilla) Ltd (Digicel Anguilla)","0.03800"
"Antigua & Barbuda","Antigua Public Utilities Authority (APUA) (APUA imobile)","0.03800"
"Antigua & Barbuda","Antigua Wireless Ventures Limited (Digicel Antigua & Barbuda)","0.03800"
"Antigua & Barbuda","Cable & Wireless Antigua and Barbuda Ltd  (LIME)","0.05600"
"Argentina","AMX Argentina S.A. (Claro Argentina)","0.03700"
"Argentina","Nextel Communications (Nextel)","0.03700"
"Argentina","Telecom Personal SA (Personal)","0.03700"
"Argentina","Telefonica Moviles Argentina S.A (Movistar)","0.03700"
"Armenia","ArmenTel (ARMGSM)","0.07400"
"Armenia","K Telecom CJSC (MTS Armenia)","0.05300"
"Armenia","Karabakh Telecom ()","0.01400"
"Armenia","Orange Armenia CJSC (Ucom)","0.05600"
"Aruba","New Millenium Telecom Services (NMTS) (Digicel)","0.03900"
"Aruba","SETAR (Servicio di Telecomunicacion di Aruba) (SETAR GSM)","0.03500"
"Australia","Singtel Optus Limited (YES OPTUS)","0.04300"
"Australia","Telstra Corporation Limited (Telstra MobileNet)","0.04300"
"Australia","Truphone Limited (Truphone)","0.04300"
"Australia","Virgin Mobile (Virgin)","0.04300"
"Australia","Vodafone Pacific Limited (Vodafone)","0.04300"
"Austria","A1 Telekon Austria AG (A1)","0.06400"
"Austria","Hutchison 3G Austria GmbH (3 AT )","0.06400"
"Austria","MASS Response Service Gmbh (MASS)","0.06400"
"Austria","T-Mobile Austria GmbH (Tele-ring)","0.06400"
"Austria","Vectone Mobile Austria (Mundio)","0.06400"
"Azerbaijan","Azercell Telecom LLC (AZERCELL GSM)","0.08000"
"Azerbaijan","Azerfon LLC (Nar Mobile)","0.03400"
"Azerbaijan","Bakcell LLC (BAKCELL LLC)","0.10000"
"Azerbaijan","Catel JV (Catel)","0.06400"
"Bahamas","The Bahamas Telecommunications Company Ltd (BTC)","0.01600"
"Bahrain","Bahrain Telecommunications Company (BATELCO)","0.01400"
"Bahrain","VIVA Bahrain B.S.C Closed  (VIVA)","0.01400"
"Bahrain","Zain Bahrain B.S.C (Zain BH)","0.01400"
"Bangladesh","Airtel Bangladesh Limited  (Airtel)","0.06000"
"Bangladesh","Grameenphone Ltd (Grameenphone)","0.06000"
"Bangladesh","Pacific Bangladesh Telecom Limited (CityCell)","0.06000"
"Bangladesh","Robi Axiata Limited (Robi)","0.06000"
"Bangladesh","Teletalk Bangladesh Ltd ()","0.06000"
"Barbados","Digicel (Barbados) Limited (Digicel)","0.03900"
"Barbados","Sunbeach Communications Inc (Sunbeach Communications Inc)","0.03200"
"Belarus","BelCel JV (BelCel)","0.07000"
"Belarus","Belarusian Telecommunications Network CJCS (Life)","0.01700"
"Belarus","FE Velcom (VELCOM)","0.07000"
"Belarus","JLLC Mobile TeleSystems (MTS)","0.01400"
"Belgium","Belgacom SA/NV (PROXIMUS)","0.09600"
"Belgium","KPN Group Belgium NV/SA (KPN Group Belgium)","0.09600"
"Belgium","Lycamobile (Lycamobile)","0.10000"
"Belgium","Mobistar S.A. (Mobistar)","0.09600"
"Belgium","Mundio Mobile Belgium nv (Mundio)","0.09600"
"Belgium","National Railway Belgium (N.M.B.S.)","0.09600"
"Belgium","Telenet (Telenet )","0.09600"
"Belize","Belize Telemedia Limited (Belize Telecommunications)","0.01400"
"Belize","Speednet (Speednet)","0.01400"
"Benin","Bell Benin Communications (BBCOM)","0.04300"
"Benin","Etisalat Benin SA (Moov Telecel)","0.05300"
"Benin","Glomobile Benin Limited (GloBenin)","0.02700"
"Benin","Office des Postes et Telecommunications du Benin (LIBERCOM)","0.02700"
"Benin","Spacetel-Benin (MTN)","0.04300"
"Bermuda","Bermuda Digital Communications Limited (CELLONE)","0.02100"
"Bermuda","Telecommunications (Bermuda & West Indies) Ltd (Digicel Bermuda)","0.04800"
"Bhutan","B-Mobile (B-Mobile)","0.05100"
"Bhutan","Tashi InfoComm Limited (TashiCell)","0.06400"
"Bolivia","Entel SA (Entel)","0.04300"
"Bolivia","Nuevatel PCS De Bolivia SA (Nuevatel PCS De Bolivia)","0.06900"
"Bosnia Herzegovina","BH Telecom, Joint Stock Company, Sarajevo (BH Mobile)","0.06600"
"Bosnia Herzegovina","Public Enterprise Croatian Telecom Ltd. (ERONET)","0.06100"
"Bosnia Herzegovina","RS Telecommunications  JSC Banja Luka (m:tel)","0.04000"
"Botswana","Botswana Telecommunications Corporation (beMOBILE)","0.02700"
"Botswana","Mascom Wireless (Pty) Limited (MASCOM)","0.06400"
"Botswana","Orange (Botswana) Pty Limited (ORANGE)","0.05700"
"Brazil","Algar Telecom (CTBC Celular)","0.03500"
"Brazil","Amazonia Celular S/A (Amazonia Celular Now TNL Oi)","0.03500"
"Brazil","CLARO S.A (Claro)","0.03500"
"Brazil","Nextel Services De Telecommunication LTD (Nextel)","0.03500"
"Brazil","Oi Grupo (TNL PCS S.A. Oi)","0.03500"
"Brazil","Sercomtel Celular S/A (Sercomtel)","0.03500"
"Brazil","TIM Celular S.A. (TIM BRASIL)","0.03500"
"Brazil","VIVO MG (Telemig)","0.03500"
"Brazil","Vivo S.A. (Vivo)","0.03500"
"British Virgin Islands","Cable and Wireless (BVI) Ltd (LIME)","0.01100"
"British Virgin Islands","Caribbean Cellular Telephone (CCT)","0.01100"
"British Virgin Islands","Digicel BVI Limited (Digicel)","0.03500"
"Brunei Darussalam","B-Mobile Communications Sdn Bhd (b-mobile)","0.01400"
"Brunei Darussalam","DataStream Technology (DTSCom)","0.01400"
"Bulgaria","Bulgarian Telecommunications Company AD  (Vivacom)","0.06800"
"Bulgaria","Cosmo Bulgaria Mobile EAD (GLOBUL)","0.09600"
"Bulgaria","Mobiltel EAD (M-Tel BG)","0.06800"
"Burkina Faso","Airtel Burkina Faso S.A. (Airtel)","0.01400"
"Burkina Faso","ONATEL-S.A (Onatel)","0.01400"
"Burkina Faso","Telecel Faso SA (Telecel Faso)","0.01400"
"Burundi","Lacell SU (Smart Mobile)","0.01100"
"Burundi","U-COM Burundi S.A. (U-COM Econet Burundi)","0.04300"
"Cambodia","CamGSM (MOBITEL)","0.04400"
"Cambodia","Cambodia Advance Communications Co. Ltd (CADCOMMS)","0.01400"
"Cambodia","Camtel AMPS (Camtel)","0.08500"
"Cambodia","Latelz Co., Ltd (Smart Mobile)","0.04500"
"Cambodia","Samart (Samart)","0.04500"
"Cambodia","Sotelco Ltd. (Beeline-KH)","0.01400"
"Cambodia","VIETTEL (CAMBODIA) PTE., LTD (Metfone)","0.03200"
"Cameroon","MTN Cameroon Ltd (MTN Cameroon)","0.04300"
"Cameroon","Orange Cameroun S.A. (Orange)","0.04300"
"Cameroon","Viettel SA (Nexttel Cameroon)","0.05300"
"Canada","Bell Mobility (Bell Mobility)","0.02000"
"Canada","East Link (East Link)","0.02000"
"Canada","Fido Wireless (Fido Wireless)","0.02000"
"Canada","Lynx (Lynx)","0.02000"
"Canada","MTS Mobility (MTS Mobility)","0.02000"
"Canada","Rogers (Rogers)","0.02000"
"Canada","Sasktel (Sasktel)","0.02000"
"Canada","Telus (Telus)","0.02000"
"Canada","VideoTron (VideoTron)","0.02000"
"Canada","Virgin Mobile (Virgin Mobile)","0.02000"
"Canada","Wind CA (Wind CA)","0.02000"
"Cape Verde","CVMovel, S.A. (CVMOVEL)","0.06600"
"Cape Verde","UNITEL T+ TELECOMUNICACÕES S.A. (UNITEL T+ )","0.03200"
"Cayman Islands","Cable & Wireless (Cayman Islands) Ltd (LIME)","0.02200"
"Cayman Islands","Digicel Cayman Ltd (Digicel)","0.03900"
"Central African Republic","Atlantique Telecom Centrafrique SA (ETISALAT)","0.01400"
"Central African Republic","Orange Centrafrique (Orange)","0.01400"
"Central African Republic","TELECEL CENTRAFRIQUE (TELECEL CENTRAFRIQUE)","0.01400"
"Chad","CelTel Tchad SA (Airtel Chad)","0.02100"
"Chad","MILLICOM TCHAD (Millicom Tchad)","0.02700"
"Chile","Claro Chile S.A. (Claro)","0.05100"
"Chile","ENTEL PCS Telecomunicaciones S.A. (ENTEL PCS)","0.03200"
"Chile","ENTEL TELEFONIA MOVIL (ENTEL TELEFONIA MOVIL)","0.05300"
"Chile","Nextel (Nextel)","0.05100"
"Chile","Telefonica Movil de Chile (TELEFONICA)","0.06300"
"Chile","VTR MOVIL S.A. (VTR)","0.03800"
"China","China Mobile (CHINA MOBILE)","0.02800"
"China","China Telecommunications Corporation (China Telecom CDMA)","0.02800"
"China","China Unicom (CHINA UNICOM GSM)","0.02800"
"Colombia","Avantel (Avantel)","0.01200"
"Colombia","Colombia Movil SA (Tigo)","0.01200"
"Colombia","Communication Celular SA Comcel SA (Claro)","0.01200"
"Colombia","Telefonica Moviles Colombia S.A. (movistar)","0.01200"
"Comoros","Societe Nationale des Telecommunications (Comores Telecom) (HURI)","0.01500"
"Congo","CelTel Congo SA (Airtel)","0.02200"
"Congo","MTN Congo S.A (Libertis Telecom)","0.04500"
"Congo (Dem. Rep.)","Celtel Congo (CelTel Congo SA)","0.01400"
"Congo (Dem. Rep.)","Congo Chine Telecom (Congo Chine Telecom)","0.04300"
"Congo (Dem. Rep.)","TIGO (Tigo)","0.04300"
"Congo (Dem. Rep.)","Vodacom Congo (RDC) sprl (VODACOM CONGO)","0.03100"
"Cook Islands","Telecom Cook Islands (Telecom Cook Islands)","0.01400"
"Costa Rica","Claro CR Telecomunicaciones, S.A. (Claro CR)","0.01400"
"Costa Rica","I.C.E. (Instituto Costarricense de Electricidad) (I.C.E.)","0.02100"
"Costa Rica","Telefónica de Costa Rica TC, S.A.  (Movistar)","0.02600"
"Croatia","Croatian Telecom Inc (T-Mobile HR)","0.05600"
"Croatia","Tele2 d.o.o za telekomunikacijske uluge (Tele2)","0.03500"
"Croatia","VIPnet d.o.o. (VIP-NET)","0.05600"
"Cuba","Empresa de Telecommunicaciones de Cuba, SA (ETECSA)","0.08700"
"Cyprus","Cyprus Telecommunications Auth (Cytamobile-Vodafone)","0.05900"
"Cyprus","MTN Cyprus Limited  (MTN)","0.05900"
"Cyprus","PrimeTel (PrimeTel)","0.05900"
"Czech Republic","T-Mobile Czech Republic a.s. (T-Mobile CZ)","0.05600"
"Czech Republic","Telefónica O2 Czech Republic a.s. (O2 - CZ)","0.05600"
"Czech Republic","Ufon CZ  (Air Telecom)","0.05600"
"Czech Republic","Vodafone Czech Republic a.s. (Vodafone)","0.05600"
"Denmark","Hi3G Denmark ApS (3 DK)","0.03100"
"Denmark","TDC A/S (TDC Mobil)","0.03100"
"Denmark","Telenor A/S (Telenor)","0.03100"
"Denmark","Telia Nattjanster Norden AB (Telia DK)","0.03100"
"Diego Garcia","Cable & Wireless (Diego Garcia) Ltd (FonePlus)","0.10000"
"Djibouti","Djibouti Telecom SA (Evatis)","0.05900"
"Dominica","Cable & Wireless Dominica Ltd. (LIME)","0.01700"
"Dominica","Orange (Orange)","0.01400"
"Dominica","Wireless Ventures (Dominica) Ltd. (Digicel Dominica)","0.03900"
"Dominican Republic","Compañia Dominicana de Telefonos, S.A. (Claro GSM)","0.07400"
"Dominican Republic","Orange Dominicana S.A. (ORANGE)","0.04500"
"Dominican Republic","Tricom (Nortel)","0.02800"
"Dominican Republic","Trilogy Dominicana S.A. ((Viva))","0.03200"
"Ecuador","Conecel S.A. (Consorcio Ecuatoriano de Telecomunicaciones) (Claro Ecuador)","0.04300"
"Ecuador","Corporacion Nacional de Telecomunicaciones CNT E.P.  (ALEGRO)","0.04300"
"Ecuador","OTECEL S.A. (MOVISTAR)","0.09000"
"Egypt","ECMS-Mobinil (Mobinil)","0.05200"
"Egypt","Etisalat Misr (Etisalat)","0.05200"
"Egypt","Vodafone Egypt Telecommunications S.A.E (vodafone)","0.05200"
"El Salvador","CTE Telecom Personal SA de CV (CLARO SLV)","0.02800"
"El Salvador","DIGICEL S.A. de C.V. (Digicel)","0.03600"
"El Salvador","Telefonica Moviles El Salvador S.A de c.v (Telefonica)","0.03200"
"El Salvador","Telemovil EL Salvador S.A (TIGO)","0.01400"
"Equatorial Guinea","GETESA (Orange GQ)","0.00600"
"Equatorial Guinea","HiTs EG.SA (HiTs EG.SA)","0.04300"
"Estonia","AS EMT (EMT GSM)","0.05600"
"Estonia","Elisa Eesti AS (Elisa Eesti)","0.05600"
"Estonia","Tele2 Eesti AS (Tele2)","0.05600"
"Ethiopia","Ethio-Telecom (ETMTN)","0.01400"
"Falkland Islands (Malvinas)","Cable & Wireless Plc (Cable & Wireless )","0.05700"
"Faroe Islands","Faroese Telecom (Faroese Telecom GSM)","0.01100"
"Faroe Islands","Kall P/F (VODAFONE FO)","0.01400"
"Fiji","Digicel (Fiji) Limited (Digicel)","0.03200"
"Finland","Alands Mobiltelefon Ab (Alands Mobiltelefon AB)","0.06400"
"Finland","DNA Finland Ltd (FINNET)","0.06400"
"Finland","Elisa Corporation (Elisa Corporation)","0.06400"
"Finland","TeliaSonera Finland Oyj (SONERA)","0.06400"
"France","Bouygues Telecom (BOUYGUES TELECOM)","0.06000"
"France","Local Exchange Global Operation Services (LEGOS)","0.06000"
"France","Lycamobile Sarl (Lycamobile)","0.06000"
"France","NRJ FR (NRJ Mobile)","0.08100"
"France","Omea Telecom (Omea Telecom)","0.06000"
"France","Orange France (Orange F)","0.06000"
"France","SFR (SFR)","0.08100"
"France","Transatel Mobile France (Transatel)","0.06000"
"France","Vectone Mobile France (Mundio Mobile)","0.06000"
"French Guiana","DIGICEL Antilles Française Guyane (DIGICEL F - Martinique, Guadeloupe, French Guyana))","0.07700"
"French Guiana","Orange Caraibe (ORANGE)","0.10000"
"French Guiana","Outremer Telecom (Outremer)","0.01700"
"French Polynesia","Tikiphone SA (VINI)","0.05300"
"French West Indies/Martinique","DIGICEL Antilles Française Guyane (DIGICEL F - Martinique, Guadeloupe, French Guyana))","0.07700"
"French West Indies/Martinique","Orange Caraibe (Orange)","0.07400"
"French West Indies/Martinique","Outremer Telecom (Outremer)","0.09600"
"Gabon","Atlantique Telecom Gabon S.A. (ETISALAT)","0.01400"
"Gabon","Celtel Gabon SA (Airtel)","0.02700"
"Gabon","Libertis S.A. (LIBERTIS)","0.04600"
"Gabon","USAN-Gabon (Azur Gabon)","0.04300"
"Gambia","Africell (Gambia) Ltd (AFRICELL)","0.01400"
"Gambia","Comium Gambia Ltd (Comium Gambia)","0.01400"
"Gambia","Gambia Telecommunications Cellular Company Ltd (GAMCELL)","0.01900"
"Gambia","QCELL Limited (Qcell)","0.01400"
"Georgia","Geocell Ltd (GEOCELL)","0.08730"
"Georgia","Magticom Ltd (MAGTI GSM)","0.01400"
"Georgia","Mobitel LLC (Mobitel)","0.01700"
"Georgia","Silknet JSC (Silknet)","0.01400"
"Germany","E-Plus Mobilfunk (E-Plus)","0.06732"
"Germany","Sipgate Wireless Gmbh (Sipgate)","0.06732"
"Germany","T-Mobile Deutschland GmbH (D1)","0.06732"
"Germany","Telefonica Germany GmbH & Co.OHG (O2 (Germany))","0.06732"
"Germany","Truphone Limited (Truphone)","0.06732"
"Germany","Vodafone D2 GmbH (Vodafone)","0.06732"
"Ghana","Airtel Ghana Ltd (Airtel)","0.01400"
"Ghana","Ghana Telecommunications Company Ltd (Vodafone Ghana)","0.04300"
"Ghana","Glo Mobile Ghana Limited (Glo Ghana)","0.01400"
"Ghana","Kasapa  Telecom Ltd (Expresso)","0.02600"
"Ghana","Millicom Ghana Limited (tiGO)","0.02000"
"Ghana","Scancom Ltd (MTN)","0.01900"
"Gibraltar","Gibtelecom Limited (GIBTEL)","0.01400"
"Greece","COSMOTE - Mobile Telecommunications S.A. (COSMOTE)","0.04500"
"Greece","Vodafone-Panafon (vodafone)","0.04500"
"Greece","Wind Hellas Telecommunications S.A. (WIND)","0.04500"
"Greenland","TELE Greenland  A/S (TELE Greenland)","0.01400"
"Grenada","Cable & Wireless Grenada Ltd. (LIME)","0.01700"
"Grenada","Digicel Grenada Ltd. (Digicel)","0.04300"
"Grenada","Grenada Wireless Holdings Ltd (AWS)","0.01100"
"Guadeloupe [France]","DIGICEL Antilles Française Guyane (DIGICEL F - Martinique, Guadeloupe, French Guyana)","0.04300"
"Guadeloupe [France]","Dauphin Telecom (MIO)","0.07700"
"Guadeloupe [France]","Orange Caraibe (Orange)","0.10000"
"Guadeloupe [France]","Outremer Telecom (Outremer)","0.01600"
"Guadeloupe [France]","United Telecommunications Services Caraibe SARL (Tel Cell)","0.01400"
"Guam","DOCOMO PACIFIC, INC. (DOCOMO)","0.02100"
"Guam","IT&E Overseas, Inc (IT&E Wireless)","0.05200"
"Guam","Pulse Mobile LLC (GTA Mpulse)","0.05900"
"Guatemala","COMCEL-Communicaciones Celulares Sociedad Anonima (COMCEL GUATEMALA)","0.02300"
"Guatemala","Telecomunicaciones De Guatemala, S.A. (TELGUA) (Claro)","0.03700"
"Guatemala","Telefonica Moviles Guatamala SA (Telefonica)","0.03400"
"Guinea","Areeba Guinea (MTN)","0.05500"
"Guinea","Cellcom Guinee S.A. (Cellcom Guinee)","0.04000"
"Guinea","INTERCEL Guinée (Telecel Guinee)","0.01100"
"Guinea","Orange Guinee SA (Orange Guinee)","0.09400"
"Guinea Bissau","Orange-Bissau (Orange)","0.07400"
"Guinea Bissau","Spacetel Guinee-Bissau SA (MTN)","0.07400"
"Guyana","Guyana Telephone & Telegraph Co. (Cellink Plus)","0.03200"
"Guyana","U-Mobile (Cellular) Inc. (Digicel Guyana)","0.03900"
"Haiti","Digicel Haiti (DIGICEL)","0.04000"
"Haiti","National Telecom SA (NatCom)","0.01400"
"Honduras","Servicios de Comunicaciones de Honduras S.A. de C.V. (CLARO GSM)","0.02800"
"Honduras","Telefonica Celular S.A (CELTEL) (CELTEL)","0.02800"
"Hong Kong","CMMobile Global Communications Ltd (China Motion Telecom)","0.04400"
"Hong Kong","CSL Limited (CSL)","0.04400"
"Hong Kong","China Mobile Hong Kong Company Limited (PEOPLES)","0.04400"
"Hong Kong","China Unicom (Unicom International)","0.04400"
"Hong Kong","Hong Kong Telecommunications (HKT) Limited (HKT)","0.04400"
"Hong Kong","Hutchison Telecom (HK) Ltd (3)","0.04400"
"Hong Kong","SmarTone Mobile Communications Limited (SmarTone HK)","0.04400"
"Hong Kong","Truphone Limited (Truphone)","0.04400"
"Hungary","Magyar Telekom Plc (T-Mobile Hungary)","0.06200"
"Hungary","Telenor Magyarorszag Zrt  (Telenor Pannon)","0.07400"
"Hungary","Vodafone Hungary Ltd (Vodafone)","0.06200"
"Iceland","09 Mobile (09 Mobile)","0.02900"
"Iceland","Fjarskipti hf (Vodafone Iceland)","0.04200"
"Iceland","IMC Island ehf (Viking wireless)","0.02900"
"Iceland","Nova ehf (NOVA)","0.01400"
"Iceland","Siminn hf (Siminn)","0.01400"
"India","Aircel Cellular Ltd. Chennai (Aircel Cellular Ltd.)","0.01100"
"India","Aircel Digilink India Ltd Haryana (Hutch-Haryana)","0.01100"
"India","Aircel Digilink India Ltd Rajasthan (Hutch-Rajasthan)","0.01100"
"India","Aircel Digilink India Ltd Uttar Pradesh East (Hutch-UP East)","0.01100"
"India","Aircel Gujarat (Aircel - Gujarat)","0.01100"
"India","Aircel Kerala (Aircel - Kerala)","0.01100"
"India","Aircel Limited Andhra Pradesh (Aircel)","0.01100"
"India","Aircel Limited Karnataka (Aircel Karnataka)","0.01100"
"India","Aircel Limited Maharashtra & Goa (AIRCEL)","0.01100"
"India","Aircel Limited Mumbai (AIRCEL)","0.01100"
"India","Aircel Limited TamilNadu (AIRCEL)","0.01100"
"India","Aircel Madhya Prad (Aircel - Madhya Pradesh)","0.01100"
"India","Aircel UPWest (Aircel - Uttar Pradesh West)","0.01100"
"India","Aircell Ltd (Delhi Metro Telecom Service Area)","0.01100"
"India","Assam LM (Loop Mobile - Assam)","0.01100"
"India","Assam VD (DSPL - Assam)","0.01100"
"India","BPL Mobile Communications Ltd Kerala (Loop Mobile)","0.01100"
"India","BPL Mobile Communications Ltd Maharashtra (Loop Mobile - Maharashta)","0.01100"
"India","BPL Mobile Communications Ltd Mumbai (BPL  MOBILE)","0.01100"
"India","BPL Mobile Communications Ltd TamilNadu (BPL MOBILE)","0.01100"
"India","Bharat Sanchar Nigam Limited (CellOne Andhra Pradesh)","0.01100"
"India","Bharat Sanchar Nigam Limited Assam (CellOne Assam)","0.01100"
"India","Bharat Sanchar Nigam Limited Bihar & Jharkhand (CellOne Bihar)","0.01100"
"India","Bharat Sanchar Nigam Limited Chennai (CellOne Chennai)","0.01100"
"India","Bharat Sanchar Nigam Limited Gujarat (CellOne Gujarat)","0.01100"
"India","Bharat Sanchar Nigam Limited Haryana (CellOne Haryana)","0.01100"
"India","Bharat Sanchar Nigam Limited Himachal Pradesh (CellOne Bihar)","0.01100"
"India","Bharat Sanchar Nigam Limited Jammu & Kashmir (CellOne Jammu & Kashmir)","0.01100"
"India","Bharat Sanchar Nigam Limited Karnataka (CellOne Karnataka)","0.01100"
"India","Bharat Sanchar Nigam Limited Kerala (CellOne Kerala)","0.01100"
"India","Bharat Sanchar Nigam Limited Kolkata (CellOne Kolkata)","0.01100"
"India","Bharat Sanchar Nigam Limited Madhya Pradesh (CellOne Madhya Pradesh)","0.01100"
"India","Bharat Sanchar Nigam Limited Maharashtra (Bharat Sanchar Nigam Limited)","0.01100"
"India","Bharat Sanchar Nigam Limited North East India (CellOne North East)","0.01100"
"India","Bharat Sanchar Nigam Limited Orissa (CellOne Orissa)","0.01100"
"India","Bharat Sanchar Nigam Limited Punjab (CellOne Bihar)","0.01100"
"India","Bharat Sanchar Nigam Limited Rajasthan (CellOne Rajasthan)","0.01100"
"India","Bharat Sanchar Nigam Limited TamilNadu (CellOne Tamil Nadu)","0.01100"
"India","Bharat Sanchar Nigam Limited Uttar Pradesh East (CellOne Bihar)","0.01100"
"India","Bharat Sanchar Nigam Limited Uttar Pradesh(West) (Bharat Sanchar Nigam Limited)","0.01100"
"India","Bharat Sanchar Nigam Limited West Bengal & Andaman&Nicobar I (CellOne A&N)","0.01100"
"India","Bharti Airtel Assam (Bharti Airtel)","0.01100"
"India","Bharti Airtel Jammu & Kashmir (Bharti Airtel)","0.01100"
"India","Bharti Airtel Ltd (Bharti Airtel Orissa)","0.01100"
"India","Bharti Airtel Orissa (Airtel Orissa)","0.01100"
"India","Bharti Airtel West Bengal & Andaman&Nicobar Islands (Bharti Airtel)","0.01100"
"India","Bharti Hexacom Ltd Rajasthan (AIRTEL)","0.01100"
"India","Bharti Televentures Limited (Airtel)","0.01100"
"India","Bharti Televentures Limited Andhra Pradesh (AirTel)","0.01100"
"India","Bharti Televentures Limited Bihar & Jharkhand (AirTel)","0.01100"
"India","Bharti Televentures Limited Chennai (AirTel)","0.01100"
"India","Bharti Televentures Limited Delhi (AirTel)","0.01100"
"India","Bharti Televentures Limited Gujarat (AirTel)","0.01100"
"India","Bharti Televentures Limited Haryana (AirTel)","0.01100"
"India","Bharti Televentures Limited Himachal Pradesh (AirTel)","0.01100"
"India","Bharti Televentures Limited Karnataka (AirTel)","0.01100"
"India","Bharti Televentures Limited Kerala (AirTel)","0.01100"
"India","Bharti Televentures Limited Kolkata (AirTel)","0.01100"
"India","Bharti Televentures Limited Madhya Pradesh (AirTel)","0.01100"
"India","Bharti Televentures Limited Maharashtra (AirTel)","0.01100"
"India","Bharti Televentures Limited Mumbai (AirTel)","0.01100"
"India","Bharti Televentures Limited North East India (AirTel)","0.01100"
"India","Bharti Televentures Limited Punjab (AirTel)","0.01100"
"India","Bharti Televentures Limited TamilNadu (AirTel)","0.01100"
"India","Bharti Televentures Limited Uttar Pradesh (AirTel)","0.01100"
"India","Bharti Televentures Limited Uttar Pradesh East (AirTel)","0.01100"
"India","Dishnet Wireless Limited (Aircel Punjab)","0.01100"
"India","Dishnet Wireless Limited Assam (Aircel)","0.01100"
"India","Dishnet Wireless Limited Bihar & Jharkhand (Aircel)","0.01100"
"India","Dishnet Wireless Limited Himachal Pradesh (Aircel)","0.01100"
"India","Dishnet Wireless Limited Jammu & Kashmir (Aircel)","0.01100"
"India","Dishnet Wireless Limited Kolkata (Aircel)","0.01100"
"India","Dishnet Wireless Limited North East India (Aircel)","0.01100"
"India","Dishnet Wireless Limited Orissa (Aircel Orissa)","0.01100"
"India","Dishnet Wireless Limited West Bengal & Andaman&Nicobar Islan (Aircel)","0.01100"
"India","Etisalat DB AP (Etisalat - Andhra Pradesh)","0.01100"
"India","Etisalat DelhiNCR (Etisalat - Delhi)","0.01100"
"India","Etisalat Gujarat (Etisalat - Gujarat)","0.01100"
"India","Etisalat Kerala (Etisalat - Kerala)","0.01100"
"India","Fascel Limited Gujarat (Hutch-Gujarat)","0.01100"
"India","HFCL Punjab (HFCL Connect (Ping))","0.01100"
"India","Hutchison Essar Limited Mumbai (HUTCH)","0.01100"
"India","Hutchison Essar Limited Uttar Pradesh (HUTCH)","0.01100"
"India","Hutchison Essar Mobile Services Limited Delhi (Hutch-Delhi)","0.01100"
"India","Hutchison Essar South Limited Andhra Pradesh (Hutch-Andhra Pradesh)","0.01100"
"India","Hutchison Essar South Limited Chennai (Hutch-Chennai)","0.01100"
"India","Hutchison Essar South Limited Karnataka (Hutch-Karnataka)","0.01100"
"India","Hutchison Essar South Limited Punjab (Hutch-Punjab)","0.01100"
"India","Hutchison Essar South Limited West Bengal & Andaman&Nicobar (Hutch)","0.01100"
"India","Hutchison Kerala (Vodafone Kerala)","0.01100"
"India","Hutchison Maharashta (Vodafone Maharashta)","0.01100"
"India","Hutchison Telecom East Limited Kolkata (Hutch-Kolkata)","0.01100"
"India","IDEA Cellular Assam (IDEA - Assam)","0.01100"
"India","IDEA Cellular B&J (IDEA - Bihar & Jharkhand)","0.01100"
"India","IDEA Cellular Limited Andhra Pradesh (IDEA Cellular Limited - Andhra Pradesh)","0.01100"
"India","IDEA Cellular Limited Delhi (IDEA CELLULAR LIMITED - Delhi)","0.01100"
"India","IDEA Cellular Limited Gujarat (IDEA Cellular Limited - Gujarat)","0.01100"
"India","IDEA Cellular Limited Himachal Pradesh (IDEA Cellular Limited)","0.01100"
"India","IDEA Cellular Limited Madhya Pradesh (IDEA Cellular Limited - Madhya Pradesh)","0.01100"
"India","IDEA Cellular Limited Maharashtra (IDEA Cellular Limited - Maharashtra)","0.01100"
"India","IDEA Cellular Limited Mumbai (IDEA Cellular Limited Mumbai)","0.01100"
"India","IDEA Cellular Limited Rajasthan (IDEA Cellular Limited)","0.01100"
"India","IDEA Cellular Limited Uttar Pradesh East (IDEA Cellular Limited)","0.01100"
"India","IDEA Orissa (IDEA - Orissa)","0.01100"
"India","IDEACellular Kolkata (IDEA - Kolkata)","0.01100"
"India","Idea (Escotel) UP West (Idea (Escotel) UP West)","0.01100"
"India","Idea Mobile Communications Haryana (Idea (Escotel) Haryana)","0.01100"
"India","Idea Mobile Communications Kerala (Idea (Escotel) Kerala)","0.01100"
"India","Madhya Pradesh VD (DSPL - Madhya Pradesh)","0.01100"
"India","Mahanagar Telephone Nigam Ltd Delhi (Mahanagar Telephone Nigam Ltd)","0.01100"
"India","Mahanagar Telephone Nigam Ltd Mumbai (Mahanagar Telephone Nigam Ltd)","0.01100"
"India","Reliance Andhra Prad (Reliance - Andhra Pradesh)","0.01100"
"India","Reliance Bihar (Reliance - CDMA - Bahir & Jharkhand)","0.01100"
"India","Reliance Chennai (Reliance CDMA)","0.01100"
"India","Reliance Communications Limited Gujarat (Reliance Telecom)","0.01100"
"India","Reliance Communications Limited Jammu & Kashmir (Reliance Telecom)","0.01100"
"India","Reliance Communications Limited Mumbai (Reliance Telecom)","0.01100"
"India","Reliance Communications Limited Punjab (Reliance Punjab)","0.01100"
"India","Reliance Communications Limited Rajasthan (Reliance)","0.01100"
"India","Reliance Delhi (Reliance - Delhi)","0.01100"
"India","Reliance Haryana (Reliance - Haryana)","0.01100"
"India","Reliance Kerala (Reliance - Kerala)","0.01100"
"India","Reliance Maharashtra (Reliance - Maharashtra & Goa)","0.01100"
"India","Reliance TamilNadu (Reliance - TamilNadu)","0.01100"
"India","Reliance Telecom Assam (Reliance)","0.01100"
"India","Reliance Telecom Bihar & Jharkhand (Reliance)","0.01100"
"India","Reliance Telecom Himachal Pradesh (Reliance)","0.01100"
"India","Reliance Telecom Karnataka (Reliance Karnataka)","0.01100"
"India","Reliance Telecom Kolkata (Reliance)","0.01100"
"India","Reliance Telecom Madhya Pradesh (Reliance Telecom)","0.01100"
"India","Reliance Telecom North East India (Reliance)","0.01100"
"India","Reliance Telecom Orissa (Reliance Telecom)","0.01100"
"India","Reliance Telecom West Bengal & Andaman&Nicobar Islands (Reliance)","0.01100"
"India","Reliance UP East (Reliance - Uttar Pradesh East)","0.01100"
"India","Reliance UP West (Reliance - Uttar Pradesh West)","0.01100"
"India","S Tel Assam (S. Tel - Assam)","0.01100"
"India","SSTL Andhra Pradesh (SISTEMA Shyam Teleservices - Andhra Pradesh)","0.01100"
"India","SSTL Assam (SISTEMA Shyam Teleservices - Assam)","0.01100"
"India","SSTL Bihar (SISTEMA Shyam Teleservices - Bihar)","0.01100"
"India","SSTL Delhi (SISTEMA Shyam Teleservices - Delhi)","0.01100"
"India","SSTL Gujarat (SISTEMA Shayam Teleservices - Gujarat)","0.01100"
"India","SSTL Haryana (SISTEMA Shayam Teleservices - Haryana)","0.01100"
"India","SSTL HimachalPradesh (SISTEMA Shayam Teleservices - Himachal Pradesh)","0.01100"
"India","SSTL Jammu Kashmir (SISTEMA Shayam Teleservices - Jammu & Kashmir)","0.01100"
"India","SSTL Karnataka (SISTEMA Shayam Teleservices - Karnataka)","0.01100"
"India","SSTL Kerala (SISTEMA Shayam Teleservices - Kerala)","0.01100"
"India","SSTL Kolkata (SISTEMA Shayam Teleservices - Kolkata)","0.01100"
"India","SSTL Madhya Pradesh (SISTEMA Shayam Teleservices - Madhya Pradesh)","0.01100"
"India","SSTL Maharashtra (SISTEMA Shayam Teleservices - Maharashtra)","0.01100"
"India","SSTL Mumbai (SISTEMA Shayam Teleservices - Mumbai)","0.01100"
"India","SSTL North East (SISTEMA Shayam Teleservices - North East)","0.01100"
"India","SSTL Orissa (SISTEMA Shayam Teleservices - Orissa)","0.01100"
"India","SSTL Punjab (SISTEMA Shayam Teleservices - Punjab)","0.01100"
"India","SSTL Tamilnadu (SISTEMA Shayam Teleservices - Tamil Nadu & Chennai)","0.01100"
"India","SSTL UPradesh East (SISTEMA Shayam Teleservices - Uttar Pradesh East)","0.01100"
"India","SSTL UPradesh West (SISTEMA Shayam Teleservices - Uttar Pradesh West)","0.01100"
"India","SSTL West Bengal (SISTEMA Shayam Teleservices - West Bengal)","0.01100"
"India","Spice Communications Limited Karnataka (Spice Telecom)","0.01100"
"India","Spice Communications Limited Punjab (Spice Telecom)","0.01100"
"India","TATA Assam (TATA Assam)","0.01100"
"India","TATA Delhi (TATA Delhi)","0.01100"
"India","TATA HimachalPradesh (TATA Docomo - Himachal Pradesh)","0.01100"
"India","TATA Maharashtra (TATA Docomo - Maharashtra & Goa)","0.01100"
"India","TATA North East (TATA North East)","0.01100"
"India","TATA Rajasthan (TATA Docomo - Rajasthan)","0.01100"
"India","TATA WestBengal (TATA Docomo - RO WB)","0.01100"
"India","Tata Teleservices LTD  (Tata Teleservices Ltd Madhya Pradesh)","0.01100"
"India","Tata Teleservices LTD (Tata Teleservices Ltd Kerala)","0.01100"
"India","Tata Teleservices Limited (Tata Indicom (Mobile), Walky (WLL))","0.01100"
"India","Tata Teleservices Limited (Tata Indicom Gujarat)","0.01100"
"India","Tata Teleservices Limited Bihar (Tata Teleservices Limited Bihar)","0.01100"
"India","Tata Teleservices Limited Haryana (Tata Indicom Haryana)","0.01100"
"India","Tata Teleservices Limited Karnataka  (Tata Indicom Karnataka)","0.01100"
"India","Tata Teleservices Limited Maharastra (Tata Teleservices Limited Maharastra)","0.01100"
"India","Tata Teleservices Limited Mumbai (Tata Teleservices Limited Mumbai)","0.01100"
"India","Tata Teleservices Limited Orissa (Tata Teleservices Limited Orissa)","0.01100"
"India","Tata Teleservices Limited Punjab (Tata Indicom Punjab)","0.01100"
"India","Tata Teleservices Limited Tamilnadu (Tata Teleservices Limited Tamilnadu)","0.01100"
"India","Tata Teleservices Limited Uttar Pradesh East (Tata Teleservices UP East)","0.01100"
"India","Tata Teleservices Limited Uttar Pradesh West (Tata Teleservices UP West)","0.01100"
"India","Tata Teleservices Ltd (Tata Teleservices Ltd Kolkata)","0.01100"
"India","Tata Teleservices Ltd Andhra Pradesh (Tata Indicom Andhra Pradesh)","0.01100"
"India","Uninor (Unitech Wireless Ltd)","0.01100"
"India","Voda HimachalPradesh (Vodafone - Himachal Pradesh)","0.01100"
"India","Voda Madhya Pradesh (Vodafone - Madhya & Chattisgarh)","0.01100"
"India","Vodafone Assam (Vodafone - Assam)","0.01100"
"India","Vodafone Essar Spacetel Ltd (Vodafone Orissa)","0.01100"
"India","Vodafone Essar Spacetel Ltd Bihar (Vodafone Spacetel Limited Bihar)","0.01100"
"India","Vodafone North East (Vodafone - North East)","0.01100"
"India","VodafoneJammuKashmir (Vodafone - Jammu & Kashmir)","0.01100"
"Indonesia","Excelcom (XL)","0.02700"
"Indonesia","Hutchison CP Telecommunications (3)","0.02700"
"Indonesia","PT Indonesian Satellite Corporation Tbk (INDOSAT) (INDOSAT)","0.02700"
"Indonesia","PT Telekomunikasi Selular (TELKOMSEL)","0.02700"
"Indonesia","PT. AXIS Telekom Indonesia (AXIS)","0.02700"
"Indonesia","PT. Smartfren Telecom Tbk. (PT Mobile-8 Telekom Tbk)","0.02700"
"Indonesia","Sampoerna Telekomunikasi Indonesia (Ceria STI)","0.02700"
"Iran","Irancell Telecommunications Services Company (MTN Irancell )","0.01700"
"Iran","KFZO (TKC)","0.01400"
"Iran","MCI (MCI)","0.02100"
"Iran","Mobile Telecommunications Company of Esfahan (MTCE)","0.02100"
"Iran","Rafsanjan Industrial Complex (Coop) (Taliya)","0.02100"
"Iran","Social Security Investment Company (Rightel)","0.02100"
"Iraq","Asiacell Communications LLC (Asiacell)","0.06200"
"Iraq","Atheer Telecom Iraq (Zain Iraq)","0.04800"
"Iraq","Korek Telecom Ltd (Korek Telecom)","0.05400"
"Iraq","Mobitel (Mobitel)","0.05300"
"Iraq","SanaTel (SanaTel)","0.07329"
"Ireland","Hutchison 3G Ireland limited (Hutchison 3G Ireland)","0.05300"
"Ireland","Liffey Telecom Ltd (Liffey)","0.05300"
"Ireland","Meteor Mobile Telecommunications Limited (Meteor)","0.05300"
"Ireland","O2 Communications (Ireland) Ltd (O2 Communications (Ireland))","0.05300"
"Ireland","Vodafone Ireland Ltd. (vodafone)","0.05300"
"Israel","Cellcom Israel Ltd (Cellcom Israel)","0.01400"
"Israel","Golan Telecom (Golan Telecom)","0.01400"
"Israel","Hot Mobile Ltd (Hot Mobile)","0.01700"
"Israel","Palestine Telecomm Co Ltd (Palestine Telecommunications Co. P.L.C)","0.05900"
"Israel","Partner Communications Company Ltd (Orange)","0.01400"
"Israel","Pelephone Communications Ltd (Pelephone)","0.05600"
"Israel","Wataniya Palestine Mobile Telecommunications Company (Wataniya)","0.05600"
"Italy","H3G S.p.A (H3G)","0.05600"
"Italy","Lycamobile (Lycamobile IT)","0.05600"
"Italy","PosteMobile (PosteMobile IT )","0.05600"
"Italy","Telecom Italia SpA (TIM)","0.05600"
"Italy","Vodafone Omnitel N.V. (vodafone)","0.05600"
"Italy","Wind Telecomunicazioni SpA (Wind Telecomunicazioni SpA)","0.05600"
"Ivory Coast","Atlantique Telecom Cote d'Ivoire  (ETISALAT)","0.04000"
"Ivory Coast","Comium Ivory Coast Inc (KOZ)","0.03700"
"Ivory Coast","MTN CÔTE D%u2019IVOIRE S.A. (MTN)","0.05300"
"Ivory Coast","Orange CI (Orange CI)","0.07400"
"Ivory Coast","Oricel (Oricel)","0.03700"
"Jamaica","Cable & Wireless Jamaica Limited (LIME)","0.03200"
"Jamaica","Digicel (Jamaica) Limited (Digicel Jamaica)","0.03900"
"Japan","KDDI Corporation (KDDI)","0.06900"
"Japan","NTT DoCoMo Inc (DOCOMO)","0.06900"
"Japan","SoftBank Mobile Corp. (SoftBank)","0.06900"
"Japan","eAccess Ltd (EMOBILE)","0.03200"
"Jordan","Jordan Telecom Group (Orange Jordan)","0.04800"
"Jordan","Umniah Mobile Company (Umniah)","0.06900"
"Jordan","Zain Jordan (zain JO)","0.05900"
"Kazakhstan","Altel (Altel)","0.03200"
"Kazakhstan","Kar-Tel LLP (Beeline)","0.03200"
"Kazakhstan","Kcell JSC (KCELL)","0.05300"
"Kazakhstan","Mobile Telecom Service LLP (MTS)","0.03200"
"Kenya","Airtel Networks Kenya Limited  (Airtel Kenya)","0.06400"
"Kenya","Essar Telecom Kenya Limited (Econet Wireless Kenya Limited)","0.04775"
"Kenya","Safaricom Limited (Safaricom)","0.01700"
"Kenya","Telkom Kenya Limited (Orange Kenya)","0.02100"
"Kosovo","Monaco Telecom (Kosovo) (Vala)","0.05600"
"Kuwait","Kuwait Telecom Company (VIVA KUWAIT)","0.03200"
"Kuwait","Mobile Telecommunications Co. (zain KW)","0.05300"
"Kuwait","National Mobile Telecommunications Co. (Wataniya Ooredoo Telecom)","0.03200"
"Kyrgyzstan","Beeline (Sky Mobile LLC)","0.01400"
"Kyrgyzstan","MegaCom (Alfa Telecom CJSC)","0.02200"
"Kyrgyzstan","O! (NurTelecom LLC)","0.05889"
"Laos","Lao Telecom (LaoTel)","0.03800"
"Laos","Star Telecom (Unitel)","0.00700"
"Laos","VimpelCom Lao, Ltd (LAO) (Beeline )","0.00700"
"Latvia","Latvijas Mobilais Telefons (LMT)","0.04000"
"Latvia","SIA Bite Latvija (Bite Latvija)","0.04000"
"Latvia","TELE2 (TELE2)","0.04000"
"Latvia","Triatel (Triatel)","0.04000"
"Lebanon","MIC 1 (Alfa)","0.02100"
"Lebanon","MIC 2 (MTC-Touch)","0.02100"
"Lesotho","Econet Telecom Lesotho (Pty) Ltd (ETL) (Econet Telecom Lesotho (Pty) Ltd))","0.08000"
"Lesotho","Vodacom Lesotho (Pty) Ltd (VODACOM LESOTHO)","0.01400"
"Liberia","Cellcom Telecommunications Inc (Cellcom)","0.01700"
"Liberia","Comium Liberia Inc (Comium Liberia)","0.01400"
"Liberia","Lonestar Communications Corporation (Lonestar Cell)","0.05900"
"Libya","AL MADAR AL JADID (MADAR)","0.01000"
"Libya","Libyana Mobile Phone (Libyana Mobile Phone)","0.05064"
"Liechtenstein","Mobilkom (Liechtenstein) AG (FL1)","0.01500"
"Liechtenstein","Orange (Liechtenstein) AG (Orange FL)","0.01400"
"Liechtenstein","Swisscom (Switzerland) Ltd (Liechtenstein) (Swisscom)","0.01400"
"Lithuania","OMNITEL (OMNITEL)","0.02000"
"Lithuania","UAB Bite Lietuva (BITE GSM)","0.02000"
"Lithuania","UAB TELE2 (TELE2)","0.03200"
"Luxembourg","Orange Communications Luxembourg S.A.  (Orange)","0.01400"
"Luxembourg","P & T Luxembourg (LUXGSM)","0.01400"
"Luxembourg","Tango SA (TANGO)","0.01400"
"Macau","CTM (CTM)","0.01400"
"Macau","China Telecom (Macau) Company Limited (China Telecom)","0.01900"
"Macau","Hutchison Telephone (Macau) Company Ltd (3 Macau)","0.01400"
"Macau","SmarTone Mobile Communications (Macau) Ltd (SmarTone)","0.01400"
"Macedonia","ONE Telecommunications Service DOOEL Skopje (ONE)","0.03600"
"Macedonia","T-Mobile Macedonia (T-Mobile Macedonia)","0.03600"
"Macedonia","VIP OPERATOR DOOEL Skopje (VIP MKD)","0.03600"
"Madagascar","Airtel Madagascar  (Airtel)","0.01100"
"Madagascar","Madagascar SMM (Sacel)","0.01300"
"Madagascar","Orange Madagascar S.A. (Orange Madagascar)","0.02700"
"Madagascar","Telma Mobile SA (Telma Mobile)","0.01100"
"Malawi","Airtel Malawi Limited (Airtel Malawi)","0.02700"
"Malawi","Telekom Networks Malawi Ltd (TNM)","0.03400"
"Malaysia","Celcom Axiata Berhad  (CELCOM GSM)","0.03000"
"Malaysia","DiGi Telecommunications Sdn Bhd (DiGi)","0.03000"
"Malaysia","Maxis Communications Berhad (MMS & MB)","0.03000"
"Malaysia","Packet One Network Sdn Bhd (P1)","0.03000"
"Malaysia","Talk Focus Sdn Bhd (Talk Focus)","0.02700"
"Malaysia","Tune Talk Sdn Bhd (Tune Talk)","0.03000"
"Malaysia","U Mobile Sdn. Bhd. (U Mobile)","0.03000"
"Malaysia","Yes 4G MY (YTL Communications Sdn Bhd)","0.03000"
"Maldives","Dhivehi Raajjeyge Gulhun Private Ltd (Dhiraagu)","0.01400"
"Maldives","Wataniya Telecom Maldives Pvt. Ltd (WMOBILE)","0.01400"
"Mali","Malitel SA (MALITEL)","0.07600"
"Mali","Orange Mali SA (Orange MALI)","0.09600"
"Malta","Melita Mobile Ltd. (Telecoms Malta)","0.01400"
"Malta","Mobisle Communications Limited (go mobile)","0.01400"
"Malta","Vodafone Malta Limited (vodafone)","0.02800"
"Mauritania","Chinguitel S.A. (Chinguitel)","0.03200"
"Mauritania","MATTEL (MATTEL)","0.11700"
"Mauritania","MAURITEL MOBILES (MAURITEL)","0.02900"
"Mauritius","Cellplus Mobile Communications Ltd. (ORANGE MRU)","0.08000"
"Mauritius","Emtel Ltd (EMTEL)","0.09000"
"Mauritius","Mahanagar Telecom (Mauritius) Ltd (MTML)","0.06400"
"Mexico","Axtel, S.A. De C.V. (Axtel)","0.03200"
"Mexico","Iusacell Pcs S.A. De C.V. (Iusacell)","0.03200"
"Mexico","NII Digital, S. de R.L. de C.V.  (Nextel)","0.03200"
"Mexico","Pegaso Comunicaciones y Sistemas S.A. De C.V (Movistar)","0.03200"
"Mexico","Radiomovil Dipsa SA de CV (TELCEL) (TELCEL GSM)","0.03200"
"Moldova","Moldcell SA (MOLDCELL)","0.06200"
"Moldova","Moldtelecom (UNITE)","0.03200"
"Moldova","Orange Moldova S.A. (VoXtel)","0.07700"
"Monaco","Monaco Telecom SAM (Monaco Telecom)","0.04300"
"Mongolia","MobiCom (MobiCom)","0.04300"
"Mongolia","Skytel LLC (Skytel)","0.01900"
"Mongolia","Unitel LLC (Unitel)","0.04287"
"Montenegro","MTEL D.O.O. PODGORICA (MTEL)","0.01300"
"Montenegro","T-Mobile Montenegro LLC (T-Mobile )","0.07200"
"Montenegro","Telenor D.o.o. Podgorica (Telenor)","0.01400"
"Montserrat","Cable & Wireless (West Indies) Ltd (LIME)","0.05300"
"Morocco","Itissalat Al-Maghrib S.A. (IAM)","0.03681"
"Morocco","Medi Telecom (MEDITEL)","0.03681"
"Morocco","Wana Corporate S.A (WANA)","0.03681"
"Mozambique","Mocambique Celular S.A.R.L (mCel)","0.02800"
"Mozambique","Movitel S.A. (Movitel)","0.02800"
"Mozambique","VM S.A.R.L. (Vodacom Mozambique)","0.02800"
"Myanmar","Myanmar Posts and Telecommunications (MPT GSM Network)","0.08500"
"Myanmar","Ooredoo Myanmar Limited (Ooredoo)","0.04700"
"Myanmar","Telenor Myanmar Limited (Telenor)","0.08200"
"Namibia","MTC Namibia (MTC)","0.03000"
"Namibia","Powercom (Pty) Ltd (LEO)","0.01400"
"Namibia","Telecom Namibia (Switch)","0.03100"
"Nepal","Nepal Doorsanchar Company Ltd (Nepal Telecom)","0.05600"
"Nepal","Spice Nepal Private Ltd (Mero Mobile)","0.07400"
"Netherlands","KPN B.V. (KPN B.V.)","0.08000"
"Netherlands","Lycamobile  (Lycamobile Netherlands)","0.08000"
"Netherlands","T-Mobile Netherlands B.V. (T-Mobile NL)","0.08000"
"Netherlands","TELFORT B.V. (Telfort B.V.)","0.08000"
"Netherlands","Tele2 (Tele2)","0.08000"
"Netherlands","Teleena Holding B.V. (Teleena Holding)","0.08000"
"Netherlands","Truphone Limited (Truphone)","0.08000"
"Netherlands","Vodafone Libertel B.V. (vodafone)","0.08000"
"Netherlands Antilles","Curacao Telecom N.V. (Digicel Netherlands Antilles)","0.02400"
"Netherlands Antilles","Eutel Radcomm ()","0.05900"
"Netherlands Antilles","Setel NV (UTS Wireless Curacao)","0.02100"
"Netherlands Antilles","Windward Island Cellular (Windward Island Cellular)","0.05900"
"New Caledonia","OPT New Caledonia (MOBILIS)","0.10000"
"New Zealand","Skinny Mobile (Skinny Mobile)","0.07900"
"New Zealand","Telecom New Zealand Limited (Telecom New Zealand XT)","0.07900"
"New Zealand","Two Degrees Mobile Limited (2degrees)","0.07900"
"New Zealand","Vodafone Mobile NZ Limited (vodafone)","0.07900"
"Nicaragua","Empresa Nicaraguense de Telecomunicaciones S.A. - ENITEL (CLARO NIC)","0.02700"
"Nicaragua","Telefonia Celular de Nicaragua S.A. (movistarNI)","0.03500"
"Niger","Celtel Niger (Airtel)","0.01400"
"Niger","Orange Niger S.A (Orange Niger)","0.07700"
"Niger","Telecel Niger SA (ETISALAT)","0.05400"
"Nigeria","Airtel Networks Limited  (AirtelNG)","0.01400"
"Nigeria","Emerging Markets Telecommunication Services Ltd (EMTS)","0.01400"
"Nigeria","Globacom Ltd. (Glo Mobile)","0.01400"
"Nigeria","MTN Nigeria Communications Limited (MTN Nigeria)","0.01400"
"Nigeria","Starcomms (Starcomms)","0.02100"
"Nigeria","Visafone (Visafone)","0.02100"
"Norfolk Island","Norfolk Telecom (Norfolk Telecom)","0.05900"
"Northern Mariana Islands","GUAM WIRELESS TELEPHONE COMPANY, L.L.C. ()","0.00400"
"Northern Mariana Islands","Guam Cell and Paging ()","0.01900"
"Norway","Com4 (Com4 AS)","0.04300"
"Norway","ICE Norge AS (ICE)","0.04300"
"Norway","Lycamobile Ltd (Lycamobile Norway)","0.04300"
"Norway","Mobile Norway AS (Mobile Norway)","0.04300"
"Norway","TDC Mobil (TDC Mobil)","0.04300"
"Norway","Telenor Norge AS. (TELENOR)","0.04300"
"Norway","TeliaSonera Norge AS  (NetCom)","0.04300"
"Norway","Ventelo (Ventelo)","0.05600"
"Oman","Oman Telecommunications Company (OMAN MOBILE)","0.05300"
"Oman","Omani Qatari Telecommunications Company SAOC (nawras)","0.02200"
"Pakistan","CMPak Limited (ZONG)","0.04000"
"Pakistan","Mobilink-PMCL (Mobilink)","0.04000"
"Pakistan","Pakistan Telecommunciation Mobile Ltd (Ufone)","0.04000"
"Pakistan","Telenor Pakistan (Pvt) Ltd. (Telenor Pakistan (Pvt) Ltd.)","0.04000"
"Pakistan","Warid Telecom (PVT) Ltd (Warid Telecom)","0.04000"
"Palestine","Wataniya Palestine Mobile Telecommunications Company (Wataniya)","0.02100"
"Panama","Cable & Wireless Panama (Cable & Wireless Panama)","0.03600"
"Panama","Claro Panama S.A. (Claro Panama)","0.03600"
"Panama","Digicel (Panama) S.A. (Digicel Panama)","0.03600"
"Panama","TELEFONICA MOVILES PANAMA S.A. (Movistar)","0.03600"
"Papua New Guinea","BMobile Limited (Vodafone)","0.03200"
"Papua New Guinea","Digicel PNG Ltd. (Digicel PNG)","0.02600"
"Paraguay","AMX Paraguay S.A. (CLARO PARAGUAY)","0.01400"
"Paraguay","Hola Paraguay S.A. (VOX)","0.02100"
"Paraguay","Nucleo S.A (Personal)","0.04300"
"Paraguay","Telefonica Celular Del Paraguay S.A. (Telecel S.A.) (Telecel Paraguay)","0.01400"
"Peru","America Movil Peru S.A.C (CLARO PER)","0.01600"
"Peru","Nextel del Peru S.A. (Nextel Peru)","0.01600"
"Peru","Telefonica Moviles S.A. (Movistar Peru)","0.01600"
"Peru","Viettel Mobile Peru (Bitel)","0.01600"
"Philippines","Digital Mobile Philippines, Inc  (Digitel Mobile/Sun Cellular)","0.01400"
"Philippines","Globe Telecom (Globe Telecom)","0.05300"
"Philippines","Smart Communications Inc (SMART Gold)","0.06300"
"Poland","Aero2 Sp. z o.o, (CenterNet)","0.01700"
"Poland","Cyfrowy POLSAT (Cyfrowy Polsat PL)","0.01700"
"Poland","Netia Mobile Sp. z o.o. (P4)","0.01700"
"Poland","PTK Centertel (Orange)","0.01700"
"Poland","Polkomtel Sp. z o.o  (Plus)","0.01700"
"Poland","Polska Telefonia Cyfrowa (T-Mobile.pl)","0.01700"
"Poland","Truphone Limited (Truphone)","0.01700"
"Portugal","OPTIMUS - COMUNICACOES, S.A. (OPTIMUS)","0.02400"
"Portugal","TMN (TMN)","0.02400"
"Portugal","Vodafone Portugal (vodafone)","0.02400"
"Puerto Rico","Puerto Rico Telephone Company Inc. (Claro GSM)","0.02700"
"Puerto Rico","T-Mobile (Suncom)","0.01100"
"Qatar","Q-Tel (Qatarnet)","0.04800"
"Qatar","Vodafone Qatar Q.S.C. (Vodafone Qatar)","0.03000"
"Reunion","Orange Reunion (Orange reunion)","0.07400"
"Reunion","Outremer Telecom (Outremer Telecom)","0.07400"
"Reunion","Societe Reunionnaise de Radiotelephone (SFR REUNION)","0.12000"
"Romania","Orange Romania SA (ORANGE)","0.06000"
"Romania","RCS & RDS  (Digi.Mobil)","0.06400"
"Romania","Telekom Romania Mobile Communications S.A. (COSMOTE)","0.06000"
"Romania","Vodafone Romania S.A. (Vodafone RO)","0.06000"
"Russia","Baykalwestcom (Baykalwestcom)","0.07000"
"Russia","CJSC Volgograd Mobile (INDIGO)","0.07000"
"Russia","Center Telecom (Center Telecom)","0.07000"
"Russia","Dagtelekom (Dagtelekom)","0.07000"
"Russia","EniseyTeleCom (EniseyTeleCom)","0.07000"
"Russia","JSC Uralsvyazinform (JSC Uralsvyazinform)","0.07000"
"Russia","Kamchatka branch of Dalsvyaz (Kamchatka)","0.07000"
"Russia","LLC Ekaterinburg-2000 (MOTIV)","0.07000"
"Russia","Magadan branch of Dalsvyaz (Magadan)","0.07000"
"Russia","MegaFon Open Joint Stock Company (MegaFon)","0.07000"
"Russia","Mobile TeleSystems (MTS)","0.07000"
"Russia","New Telephone Company (NTC)","0.07000"
"Russia","Nizhegorodskaya Cellular Communications (Rostelecom OJSC)","0.07000"
"Russia","OJSC VimpelCom (Beeline)","0.07000"
"Russia","Rostov Cellular Communications (TELE2)","0.07000"
"Russia","ZAO SMARTS (SMARTS-Ufa)","0.07000"
"Rwanda","Airtel Rwanda Limited (Airtel)","0.01700"
"Rwanda","MTN Rwandacell SARL (MTN-Rwanda)","0.02100"
"Rwanda","Tigo Rwanda Ltd (Tigo Rwanda)","0.05300"
"Saint Kitts and Nevis","Cable & Wireless St Kitts & Nevis Limited (LIME)","0.01700"
"Saint Kitts and Nevis","Wireless Ventures (St Kitts-Nevis) Limited (Digicel St Kitts & Nevis)","0.02200"
"Saint Lucia","Cable & Wireless Caribbean Cellular (St Lucia) Limited (LIME)","0.01600"
"Saint Lucia","Digicel (St Lucia) Limited (Digicel (St Lucia))","0.03900"
"Saint Vincent and Grenadines","Cable & Wireless (St. Vincent & the Grenadines) Ltd  (LIME)","0.01400"
"Saint Vincent and Grenadines","Digicel (St. Vincent and the Grenadines) Limited (Digicel (St. Vincent and Grenadines))","0.03900"
"Samoa","Bluesky Samoa Limited (Bluesky)","0.01300"
"Samoa","Telecom Samoa Cellular (Telecom Samoa)","0.02800"
"Sao Tome and Principe","Companhia Santomense de Telecomunicacoes SARL (CSTmovel)","0.09900"
"Saudi Arabia","Etihad Etisalat Company (Mobily)","0.02400"
"Saudi Arabia","MTC Saudi Arabia (Zain SA)","0.02400"
"Saudi Arabia","Saudi Telecom Company (STC) (STC)","0.02400"
"Saudi Arabia","Virgin Mobile Saudi Arabia (Virgin Mobile)","0.03800"
"Senegal","Sonatel Alize (Orange)","0.07700"
"Senegal","Sudan Telecom Company Ltd (Expresso Senegal)","0.09000"
"Senegal","Tigo (SENTEL)","0.01700"
"Serbia","Telekom Srbija (Telekom Srbija)","0.05600"
"Serbia","Telenor D.o.o. (Telenor)","0.01900"
"Serbia","Vip Mobile d.o.o. (Vip)","0.04500"
"Seychelles","Airtel (Seychelles) Limited  (AIRTEL)","0.01400"
"Seychelles","Cable & Wireless (Seychelles) (CABLE & WIRELESS)","0.01400"
"Sierra Leone","Airtel (SL) Limited (Airtel Sierra Leone)","0.01800"
"Sierra Leone","Comium (S. L.) Limited  (COMIUM)","0.03200"
"Sierra Leone","LINTEL (Sierra Leone) Limited (Africell)","0.01400"
"Sierra Leone","Sierratel (Sierratel)","0.00800"
"Singapore","M1 Limited (MOBILEONE)","0.03000"
"Singapore","SingTel Mobile Singapore Pte. Ltd (SingTel)","0.03000"
"Singapore","StarHub Mobile Pte Ltd (StarHub)","0.03000"
"Slovakia","Orange Slovensko a.s. (Orange SK)","0.05100"
"Slovakia","SWAN, a.s. (Unient Communications)","0.05100"
"Slovakia","Slovak Telekom, a. s.  (Telekom)","0.05100"
"Slovakia","Telefonica Slovakia, s.r.o. (O2 - SK)","0.05100"
"Slovenia","SI.MOBIL d.d. (SI.mobil d.d)","0.03700"
"Slovenia","T-2 d.o.o. (T-2)","0.04800"
"Slovenia","Telekom Slovenije d.d. (MOBITEL)","0.01400"
"Slovenia","Tusmobil d.o.o. (Tusmobil)","0.03200"
"Solomon Islands","Solomon Telekom Co Ltd (BREEZE)","0.01600"
"Somalia","Golis Telecommunications Company Ltd (Golis)","0.05600"
"Somalia","Hormuud Telecom Somalia Inc (HorTel)","0.05300"
"Somalia","Somafone FZLLC (SOMAFONE)","0.02100"
"Somalia","Sotelco (Sotelco)","0.02100"
"Somalia","Telesom Company (TELSOM)","0.06841"
"South Africa","Cell C (Pty) Ltd (Cell C)","0.01600"
"South Africa","MTN - Mobile Telephone Networks (Pty) Ltd. (MTN-SA)","0.01600"
"South Africa","Telkom SA Ltd (8.ta)","0.01600"
"South Africa","Vodacom Group Pty Ltd. (VodaCom)","0.01600"
"South Korea","KT Corporation (KT)","0.03700"
"South Korea","LG Uplus Corp. (LG Uplus)","0.03700"
"South Korea","SK Telecom (SK Telecom)","0.03700"
"South Sudan","MTN South Sudan Ltd (MTN South Sudan)","0.01400"
"South Sudan","Network of the World (Vivacell)","0.01400"
"South Sudan","Sudanese Mobile Telephone (Zain)","0.03200"
"Spain","BT Movil (BT)","0.04600"
"Spain","Barablu ES (Barablu Móvil España)","0.04600"
"Spain","Cableuropa S.A.U. (ONO)","0.04600"
"Spain","Digi Mobil (Digimobil ES)","0.04600"
"Spain","EUSKALTEL S.A. (Euskaltel)","0.04600"
"Spain","France Telecom España S.A.U (Orange)","0.04600"
"Spain","Jazz Telecom (JazzTel)","0.04600"
"Spain","Lebara ES (Lebara)","0.04600"
"Spain","Lycamobile ES (Lycamobile)","0.04600"
"Spain","Pepemobile S.L. (Pepephone)","0.04600"
"Spain","R Spain (R Movil)","0.04600"
"Spain","Simyo (Simiyo Spain)","0.04600"
"Spain","TeleCable Spain (TeleCable)","0.04600"
"Spain","Telefonica Moviles España S.A. (Movistar)","0.04600"
"Spain","Truphone Limited (Truphone)","0.03700"
"Spain","Vodafone Espana S.A.U. (Vodafone)","0.04600"
"Spain","Xfera Moviles SA (Yoigo)","0.04600"
"Sri Lanka","Bharti Airtel Lanka (Private) Limited (Airtel)","0.02400"
"Sri Lanka","Dialog Axiata PLC  (DIALOG)","0.10000"
"Sri Lanka","ETISALAT Lanka (Private) Limited  (ETISALAT)","0.05100"
"Sri Lanka","Hutchison Telecommunications Lanka (Pte) Limited (Hutchison Telecommunications Lanka (Pvt))","0.01400"
"Sri Lanka","Mobitel (Pvt) Limited (Mobitel)","0.01400"
"Sudan","MTN Sudan (MTN)","0.03700"
"Sudan","Network of the World (Vivacell)","0.03200"
"Sudan","Sudanese Mobile Telephone (Zain) Co. Ltd (Zain Sudan)","0.02900"
"Sudan","Sudatel (Sudani)","0.03700"
"Suriname","Digicel Suriname NV (Digicel Suriname NV)","0.04000"
"Suriname","Telesur (TELESUR.GSM)","0.01400"
"Swaziland","Swazi MTN Limited (Swazi MTN Limited)","0.07596"
"Sweden","AINMT Sverige SE (Netett Sverige AB)","0.05300"
"Sweden","Barablu/Lycamobile (Barablu/Lycamobile)","0.05300"
"Sweden","Generic Mobil Sys SE (Generic Mobile Systems Sweden AB)","0.05300"
"Sweden","Gotalandsnatet SE (Götalandsnätet AB)","0.05300"
"Sweden","Hi3G Access AB (3)","0.05300"
"Sweden","MUNDIO MOBILE SE (Mundio Mobile (Sweden) Limited)","0.05300"
"Sweden","MobiSir (Trafikverket ICT)","0.05300"
"Sweden","SpinBox (TDC Sweden)","0.05300"
"Sweden","Spring (Spring)","0.05300"
"Sweden","Tele 2 AB (Tele2Comviq)","0.05300"
"Sweden","Telenor Sverige AB (Telenor)","0.05300"
"Sweden","TeliaSonera Mobile Networks AB Sweden (TeliaSonera)","0.05300"
"Sweden","Ventelo (Alltele)","0.05300"
"Sweden","Wireless Maingate SE (Wireless Maingate Nordic AB)","0.05300"
"Switzerland","BebbiCell AG CH (BebbiCell)","0.05700"
"Switzerland","Orange Communications SA (Orange)","0.05700"
"Switzerland","Sunrise Communications AG (Sunrise)","0.05700"
"Switzerland","Swisscom (Switzerland) Ltd (Swisscom)","0.05700"
"Syria","MTN Syria (JSC) (MTN Syria)","0.05100"
"Syria","Syriatel Mobile Telecom SA (SYRIATEL)","0.05100"
"Taiwan","Asia Pacific Telecom Co. Ltd (APT) (APTG)","0.03600"
"Taiwan","Chunghwa Telecom (Chunghwa Telecom)","0.03600"
"Taiwan","Far EasTone Telecommunications Co Ltd (Far EasTone)","0.04300"
"Taiwan","Taiwan Mobile Co. Ltd (Taiwan Mobile)","0.03600"
"Taiwan","Taiwan Star Company (VIBO)","0.01400"
"Tajikistan","CJSC Babilon-Mobile (Babilon-M)","0.01400"
"Tajikistan","Indigo Tajikistan (Indigo Tajikistan)","0.05100"
"Tajikistan","JV Somoncom (JV Somoncom)","0.05100"
"Tajikistan","TT Mobile Closed joint-stock company (MegaFon)","0.05500"
"Tajikistan","Tacom LLC (BEELINE TJ)","0.08500"
"Tanzania","Airtel Tanzania Limited  (Airtel Tanzania)","0.01700"
"Tanzania","MIC Tanzania Limited (Tigo)","0.01700"
"Tanzania","Vodacom Tanzania Limited (Vodacom Tanzania Limited)","0.02700"
"Tanzania","Zanzibar Telecom Ltd (ZANTEL)","0.01700"
"Thailand","Advanced Info Service PLC (AIS GSM)","0.01700"
"Thailand","TOT PLC (TOT Mobile)","0.01400"
"Thailand","Total Access Communications Co (DTAC)","0.01400"
"Thailand","True Move Company Ltd (True Move)","0.01400"
"Timor","PT Telekomunikasi Indonesia International (Tcell)","0.09200"
"Timor","Timor Telecom (Timor Telecom)","0.04400"
"Timor","Viettel Timor-Leste (Telemor)","0.09200"
"Togo","Telecel Togo (ETISALAT)","0.01700"
"Togo","Togo Telecom (TOGO CELL)","0.05100"
"Tonga","Digicel (Tonga) Limited (Digicel (Tonga) Limited)","0.03400"
"Tonga","Tonga Communications Corporation (U-CALL)","0.03200"
"Trinidad&Tobago","Digicel Trinidad & Tobago (Digicel)","0.02900"
"Trinidad&Tobago","LaqTel Communications Ltd (LaqTel)","0.04800"
"Trinidad&Tobago","Telecommunications Services of Trinidad and Tobago Ltd (TSTT)","0.01100"
"Tunisia","ORANGE TUNISIE SA (Orange Tunisie)","0.06100"
"Tunisia","TUNISIANA S.A (TUNISIANA)","0.08000"
"Tunisia","Tunisie Telecom (TUNTEL)","0.06100"
"Turkey","Avea Iletisim Hizmetleri A.S. (AVEA)","0.01400"
"Turkey","Turkcell Iletisim Hizmetleri A.S. (Turkcell Iletisim Hizmetleri)","0.01400"
"Turkey","Vodafone Telekomunikasyon A.S (Vodafone Turkey)","0.01400"
"Turkmenistan","Altyn Asyr MC (Altyn Asyr)","0.07400"
"Turkmenistan","Economy Society MTS Turkmenistan (MTS Turkmenistan)","0.07400"
"Turks and Caicos Islands","Cable & Wireless (TCI) Ltd (LIME)","0.01100"
"Turks and Caicos Islands","Digicel (Turks & Caicos) Limited (Digicel)","0.02900"
"Turks and Caicos Islands","Islandcom Telecommunications (Islandcom)","0.05600"
"UAE","Emirates Integrated Telecommunications Company PJSC (Du)","0.02200"
"UAE","Emirates Telecom Corp-ETISALAT (ETISALAT)","0.02200"
"UK","British Telecom (BT)","0.04800"
"UK","Cable & Wireless Guernsey Ltd (Cable & Wireless Guernsey Ltd (Sure))","0.04300"
"UK","Fixed Line UK (Fixed Line UK)","0.04300"
"UK","Hutchison 3G UK Ltd (3)","0.04300"
"UK","Jersey Airtel Limited (Jersey Telenet)","0.04300"
"UK","Jersey Telecom (JT-Wave)","0.04300"
"UK","Lleida.net Serveis Telematics Limited (Intelligent Network)","0.04300"
"UK","Manx Telecom (Manx)","0.04300"
"UK","Orange PCS Ltd (Orange)","0.04300"
"UK","T-Mobile EE Limited (EE T-Mobile )","0.04300"
"UK","Telefonica O2 UK Limited (O2)","0.04300"
"UK","Truphone Limited (Truphone)","0.04800"
"UK","VODAFONE Ltd (vodafone)","0.04300"
"UK","Wire9 Telecom Plc (Cloud9 Communications)","0.04800"
"USA"," C-Spire Wireless ( C-Spire Wireless)","0.01000"
"USA"," Cable & Cellular   Communications, LLC ( Cable & Cellular   Communications, LLC)","0.01000"
"USA"," Carolina West ( Carolina West)","0.01000"
"USA"," CellCom ( CellCom)","0.01000"
"USA"," Cellular One of East Central   Illinois ( Cellular One of East Central   Illinois)","0.01000"
"USA"," Cellular One of Northeast   Arizona ( Cellular One of Northeast   Arizona)","0.01000"
"USA"," Chat Mobility ( Chat Mobility)","0.01000"
"USA"," Claro Puerto Rico ( Claro Puerto Rico)","0.08000"
"USA"," Cricket GSM ( Cricket GSM)","0.01000"
"USA"," Duet Wireless ( Duet Wireless)","0.01000"
"USA"," Enflick, Inc.  ( Enflick, Inc. )","0.01000"
"USA"," Epic Touch ( Epic Touch)","0.01000"
"USA","ACS Wireless (ACS Wireless)","0.01000"
"USA","AT&T Mobility (AT&T Mobility)","0.01000"
"USA","Appalachian Wireless (Appalachian Wireless)","0.01000"
"USA","Bandwidth (Bandwidth)","0.01000"
"USA","Bluegrass Cellular (Bluegrass Cellular)","0.01000"
"USA","CTC (CTC)","0.01000"
"USA","Cellular One of Montana (Cellular One of Montana)","0.01000"
"USA","Flat Wireless (Flat Wireless)","0.01000"
"USA","GCI Communications (GCI Communications)","0.01000"
"USA","Google Voice (Google Voice)","0.01000"
"USA","Illinois Valley Cellular (Illinois Valley Cellular)","0.01000"
"USA","Immix Wireless (Immix Wireless)","0.01000"
"USA","Inland Cellular (Inland Cellular)","0.01000"
"USA","Leaco (Leaco)","0.01000"
"USA","MTA Wireless (MTA Wireless)","0.01000"
"USA","Mobi PCS (Mobi PCS)","0.01000"
"USA","Mobile Nation (Mobile Nation)","0.01000"
"USA","Mosaic Telecom (Mosaic Telecom)","0.01000"
"USA","Nex-Tech Wireless (Nex-Tech Wireless)","0.01000"
"USA","Northwest Missouri Cellular (Northwest Missouri Cellular)","0.01000"
"USA","Ntelos (Ntelos)","0.01000"
"USA","Open Mobile Puerto Rico (Open Mobile Puerto Rico)","0.04000"
"USA","PTCI (PTCI)","0.01000"
"USA","Peoples Wireless (Peoples Wireless)","0.01000"
"USA","Pine Cellular (Pine Cellular)","0.01000"
"USA","Pioneer Cellular (Pioneer Cellular)","0.01000"
"USA","Plateau Wireless (Plateau Wireless)","0.01000"
"USA","SRT Wireless (SRT Wireless)","0.01000"
"USA","Sagebrush Cellular (Sagebrush Cellular)","0.01000"
"USA","SouthernLinc Wireless (SouthernLinc Wireless)","0.01000"
"USA","Sprint Corporation (Sprint Corporation)","0.01000"
"USA","Sprocket Wireless (Sprocket Wireless)","0.01000"
"USA","Strata Networks (Strata Networks)","0.01000"
"USA","T-Mobile (T-Mobile)","0.01000"
"USA","Thumb Cellular (Thumb Cellular)","0.01000"
"USA","Truphone Limited (Truphone )","0.00900"
"USA","US Cellular (US Cellular)","0.01000"
"USA","US Chariton Valley Cellular (US Chariton Valley Cellular)","0.01000"
"USA","Union Wireless (Union Wireless)","0.01000"
"USA","United Wireless (United Wireless)","0.01000"
"USA","Verizon Wireless (Verizon Wireless)","0.01000"
"USA","Viaero Wireless (Viaero Wireless)","0.01000"
"USA","Virgin Mobile (Virgin Mobile)","0.01000"
"USA","West Central Wireless (West Central Wireless)","0.01000"
"USA","iWireless (iWireless)","0.01000"
"Uganda","Airtel Uganda Limited (Airtel Uganda)","0.02700"
"Uganda","MTN Uganda Ltd (MTN-UGANDA)","0.03700"
"Uganda","Orange Uganda Limited (Orange Uganda Limited)","0.01400"
"Uganda","Uganda Telecom Ltd (Uganda Telecom)","0.01400"
"Uganda","Warid Telecom Uganda Limited (Warid Telecom Uganda)","0.04300"
"Ukraine","Astelit LLC (life:))","0.04800"
"Ukraine","Golden Telecom LLC (GOLDEN TELECOM)","0.04800"
"Ukraine","International Telecommunication Company (International Telecommunication Company)","0.04800"
"Ukraine","Kyivstar Private Joint Stock Company (KYIVSTAR)","0.04800"
"Ukraine","MTS Ukraine (MTS UKR)","0.04800"
"Ukraine","Telesystems of Ukraine (PEOPLEnet)","0.04800"
"Ukraine","TriMob LLC (TriMob)","0.04800"
"Uruguay","AM Wireless Uruguay S.A. (CLARO URUGUAY)","0.03700"
"Uruguay","Antel (Antel)","0.05100"
"Uruguay","Telefonica Moviles Del Uruguay (MOVISTAR)","0.03700"
"Uzbekistan","FE 'Uzdunrobita' Ltd (Uzdunrobita GSM)","0.07200"
"Uzbekistan","FE Coscom (Ucell)","0.07500"
"Uzbekistan","Unitel LLC (Beeline)","0.07400"
"Vanuatu","Digicel (Vanuatu) Ltd (Digicel)","0.02900"
"Vanuatu","TELECOM VANUATU LIMITED (SMILE)","0.09900"
"Venezuela","Corporacion Digitel C.A. (DIGITEL GSM)","0.02700"
"Venezuela","Telcel C.A. (Movistar)","0.01500"
"Venezuela","Telecomunicaciones Movilnet C.A. (Telecomunicaciones Movilnet)","0.01500"
"Vietnam","Beeline NV (GTEL Mobile)","0.02100"
"Vietnam","Hanoi Telecom Joint Stock Company (Vietnamobile)","0.04800"
"Vietnam","Vietnam Mobile Telecom Services Company (Mobifone)","0.05400"
"Vietnam","Vietnam S-Telecom (S-Telecom)","0.04300"
"Vietnam","Vietnam Telecom Services Company  (VINAPHONE)","0.04400"
"Vietnam","Viettel Corporation (Viettel Mobile)","0.03700"
"Yemen","HiTS-UNITEL (Y)","0.01400"
"Yemen","Spacetel - Yemen (MTN)","0.01400"
"Yemen","Yemen Mobile (Yemen Mobile)","0.05600"
"Yemen","Yemen Mobile Phone Company - Sabafon (Yemen Company for Mobile Telephony)","0.04000"
"Zambia","Celtel Zambia Limited (Airtel Zambia)","0.02700"
"Zambia","MTN (Zambia) Ltd (MTN ZAMBIA)","0.02300"
"Zambia","Zambia Telecommunications Company Ltd (ZAMTEL)","0.01900"
"Zimbabwe","Econet Wireless (Private) Limited (ECONET)","0.05600"
"Zimbabwe","Net*One Cellular (Pvt) Ltd (Net*One Cellular)","0.01700"
"Zimbabwe","Telecel Zimbabwe (PVT) Ltd (TELECEL)","0.05300"